{
  "documents": [],
  "tables_parsed": [],
  "tables_source_info": [],
  "images": [
    {
      "original_name": "first_line_vertical_with_header_logo_1",
      "file_name": "first_line_vertical_with_header_logo_1.jpg",
      "file_path": "/workspace/first_line_logistics_ar/public/images/first_line_vertical_with_header_logo_1.jpg",
      "rel_path": "images/first_line_vertical_with_header_logo_1.jpg",
      "file_type": "jpg",
      "category": "images"
    },
    {
      "original_name": "first_line_correct_logos_1",
      "file_name": "first_line_correct_logos_1.jpg",
      "file_path": "/workspace/first_line_logistics_ar/public/images/first_line_correct_logos_1.jpg",
      "rel_path": "images/first_line_correct_logos_1.jpg",
      "file_type": "jpg",
      "category": "images"
    },
    {
      "original_name": "first_line_professional_english_1",
      "file_name": "first_line_professional_english_1.png",
      "file_path": "/workspace/first_line_logistics_ar/public/images/first_line_professional_english_1.png",
      "rel_path": "images/first_line_professional_english_1.png",
      "file_type": "png",
      "category": "images"
    }
  ],
  "summary": {
    "total_files": 3,
    "by_category": {
      "documents": 0,
      "tables_parsed": 0,
      "tables_source_info": 0,
      "images": 3
    },
    "processing_time": null
  }
}